{
  "BFI": {
    "Agreeableness": {
      "Cronbach's Alpha": 0.40062029475398364,
      "GLB": 0.528614427319914,
      "Omega": 0.5284946157706888
    },
    "Conscientiousness": {
      "Cronbach's Alpha": 0.5827992945104128,
      "GLB": 0.5394105842836059,
      "Omega": 0.6064840754094616
    },
    "Extraversion": {
      "Cronbach's Alpha": 0.302283432779689,
      "GLB": 0.38316784599495557,
      "Omega": 0.4341639781065244
    },
    "Neuroticism": {
      "Cronbach's Alpha": 0.4607926597119534,
      "GLB": 0.42290730211129846,
      "Omega": 0.43326367675096644
    },
    "Openness": {
      "Cronbach's Alpha": 0.6347889362188686,
      "GLB": 0.29554529958873377,
      "Omega": 0.5038882966453498
    }
  },
  "PANAS": {
    "Negative": {
      "Cronbach's Alpha": 0.6347190346734426,
      "GLB": 0.2756874845304799,
      "Omega": 0.6459767553363357
    },
    "Positive": {
      "Cronbach's Alpha": 0.6044749211509204,
      "GLB": 0.27386405098084843,
      "Omega": 0.6374387782532058
    }
  },
  "BPAQ": {
    "Anger": {
      "Cronbach's Alpha": 0.4057443355428955,
      "GLB": 0.38881841606202594,
      "Omega": 0.5392862272515858
    },
    "Hostility": {
      "Cronbach's Alpha": 0.0004506457750897498,
      "GLB": 0.4719057884374777,
      "Omega": NaN
    },
    "Physical": {
      "Cronbach's Alpha": 0.4638260867657057,
      "GLB": 0.5063648057992242,
      "Omega": 0.5218697596256051
    },
    "Verbal": {
      "Cronbach's Alpha": -0.22596002822363043,
      "GLB": 0.4682280100299708,
      "Omega": 0.12643449920861796
    }
  },
  "SSCS": {
    "Personal Identity": {
      "Cronbach's Alpha": 0.3507899605331913,
      "GLB": 0.8117538663900451,
      "Omega": 0.4893851827763234
    },
    "Self-efficacy": {
      "Cronbach's Alpha": 0.5784692597542181,
      "GLB": 0.49055820652685594,
      "Omega": 0.6754663822170446
    }
  }
}