{
  "BFI": {
    "Agreeableness": {
      "Cronbach's Alpha": 0.4006202947539831,
      "GLB": 0.5286144273199129,
      "Omega": 0.5284946411988469
    },
    "Conscientiousness": {
      "Cronbach's Alpha": 0.5827992945104123,
      "GLB": 0.5394105842836062,
      "Omega": 0.6064840646381086
    },
    "Extraversion": {
      "Cronbach's Alpha": 0.3022834327796882,
      "GLB": 0.3831678459949553,
      "Omega": 0.43416396780118677
    },
    "Neuroticism": {
      "Cronbach's Alpha": 0.46079265971195366,
      "GLB": 0.42290730211129846,
      "Omega": 0.4332636811105008
    },
    "Openness": {
      "Cronbach's Alpha": 0.6347889362188686,
      "GLB": 0.2955452995887336,
      "Omega": 0.5038883282413772
    }
  },
  "PANAS": {
    "Negative": {
      "Cronbach's Alpha": 0.6347190346734423,
      "GLB": 0.27568748453047986,
      "Omega": 0.645976752778983
    },
    "Positive": {
      "Cronbach's Alpha": 0.6044749211509205,
      "GLB": 0.2738640509808483,
      "Omega": 0.6374387080265788
    }
  },
  "BPAQ": {
    "Anger": {
      "Cronbach's Alpha": 0.4057443355428957,
      "GLB": 0.3888184160620258,
      "Omega": 0.5392862273726678
    },
    "Hostility": {
      "Cronbach's Alpha": 0.0004506457750901305,
      "GLB": 0.4719057884374782,
      "Omega": NaN
    },
    "Physical": {
      "Cronbach's Alpha": 0.46382608676570586,
      "GLB": 0.506364805799224,
      "Omega": 0.5218700687595282
    },
    "Verbal": {
      "Cronbach's Alpha": -0.22596002822362987,
      "GLB": 0.4682280100299699,
      "Omega": 0.12643449723566316
    }
  },
  "SSCS": {
    "Personal Identity": {
      "Cronbach's Alpha": 0.35078996053319017,
      "GLB": 0.8117538663900457,
      "Omega": 0.48938516687793665
    },
    "Self-efficacy": {
      "Cronbach's Alpha": 0.5784692597542168,
      "GLB": 0.4905582065268547,
      "Omega": 0.6754670002357972
    }
  }
}