{
  "BFI": {
    "Agreeableness": {
      "Cronbach's Alpha": 0.46827122433901874,
      "GLB": 0.26722703754386545,
      "Omega": 0.5218858438688792
    },
    "Conscientiousness": {
      "Cronbach's Alpha": 0.5136917284901097,
      "GLB": 0.3239776454872892,
      "Omega": 0.6100659520702529
    },
    "Extraversion": {
      "Cronbach's Alpha": 0.5159668540047154,
      "GLB": 0.3278394330853946,
      "Omega": 0.5870922339983043
    },
    "Neuroticism": {
      "Cronbach's Alpha": 0.38455205544034954,
      "GLB": 0.3288863950713154,
      "Omega": 0.3795526760249417
    },
    "Openness": {
      "Cronbach's Alpha": 0.6809469688767894,
      "GLB": 0.3084209081332228,
      "Omega": 0.6782977253775038
    }
  },
  "PANAS": {
    "Negative": {
      "Cronbach's Alpha": 0.6013860704054896,
      "GLB": 0.24566884010523718,
      "Omega": 0.5720977654400455
    },
    "Positive": {
      "Cronbach's Alpha": 0.80131431419965,
      "GLB": 0.5278035102304635,
      "Omega": 0.7931288304462759
    }
  },
  "BPAQ": {
    "Anger": {
      "Cronbach's Alpha": 0.4755596817297999,
      "GLB": 0.3101474308425965,
      "Omega": 0.525538337625263
    },
    "Hostility": {
      "Cronbach's Alpha": 0.7331511303333883,
      "GLB": 0.49128087513206803,
      "Omega": 0.7482246908654622
    },
    "Physical": {
      "Cronbach's Alpha": 0.5330175274997714,
      "GLB": 0.8100910010083731,
      "Omega": 0.8290377879933011
    },
    "Verbal": {
      "Cronbach's Alpha": 0.5885034388562292,
      "GLB": 0.6152247132984875,
      "Omega": 0.5938290418873081
    }
  },
  "SSCS": {
    "Personal Identity": {
      "Cronbach's Alpha": 0.75204782090482,
      "GLB": 0.6214295924124376,
      "Omega": 0.7646632942102258
    },
    "Self-efficacy": {
      "Cronbach's Alpha": 0.8189537334790893,
      "GLB": 0.7014848221379761,
      "Omega": 0.8542665745088994
    }
  }
}