{
  "BFI": {
    "Agreeableness": {
      "Cronbach's Alpha": 0.46827122433901797,
      "GLB": 0.2672270375438653,
      "Omega": 0.5218858533890417
    },
    "Conscientiousness": {
      "Cronbach's Alpha": 0.5136917284901099,
      "GLB": 0.3239776454872894,
      "Omega": 0.6100659494162141
    },
    "Extraversion": {
      "Cronbach's Alpha": 0.5159668540047156,
      "GLB": 0.327839433085396,
      "Omega": 0.5870922368527064
    },
    "Neuroticism": {
      "Cronbach's Alpha": 0.38455205544034954,
      "GLB": 0.3288863950713154,
      "Omega": 0.3795526656374933
    },
    "Openness": {
      "Cronbach's Alpha": 0.6809469688767896,
      "GLB": 0.30842090813322226,
      "Omega": 0.6782977298175241
    }
  },
  "PANAS": {
    "Negative": {
      "Cronbach's Alpha": 0.6013860704054897,
      "GLB": 0.2456688401052371,
      "Omega": 0.5720978397330585
    },
    "Positive": {
      "Cronbach's Alpha": 0.8013143141996499,
      "GLB": 0.5278035102304632,
      "Omega": 0.793128831372834
    }
  },
  "BPAQ": {
    "Anger": {
      "Cronbach's Alpha": 0.47555968172979923,
      "GLB": 0.31014743084259644,
      "Omega": 0.5255383367866954
    },
    "Hostility": {
      "Cronbach's Alpha": 0.733151130333388,
      "GLB": 0.4912808751320677,
      "Omega": 0.7482246952027197
    },
    "Physical": {
      "Cronbach's Alpha": 0.5330175274997715,
      "GLB": 0.8100910010083734,
      "Omega": 0.8290378265277571
    },
    "Verbal": {
      "Cronbach's Alpha": 0.5885034388562281,
      "GLB": 0.6152247132984857,
      "Omega": 0.5938290488450229
    }
  },
  "SSCS": {
    "Personal Identity": {
      "Cronbach's Alpha": 0.752047820904821,
      "GLB": 0.6214295924124388,
      "Omega": 0.7646632927709998
    },
    "Self-efficacy": {
      "Cronbach's Alpha": 0.81895373347909,
      "GLB": 0.7014848221379762,
      "Omega": 0.8542665678826886
    }
  }
}