{
  "BFI": {
    "Agreeableness": {
      "Cronbach's Alpha": 0.7168215878977915,
      "GLB": 0.4033823101829885,
      "Omega": 0.7091848782420234
    },
    "Conscientiousness": {
      "Cronbach's Alpha": 0.6204820404401982,
      "GLB": 0.491261085491558,
      "Omega": 0.6951570291228835
    },
    "Extraversion": {
      "Cronbach's Alpha": 0.6863400207009747,
      "GLB": 0.39025562097181976,
      "Omega": 0.623956810146975
    },
    "Neuroticism": {
      "Cronbach's Alpha": 0.4832442086995955,
      "GLB": 0.2556648583994051,
      "Omega": 0.5121073376470917
    },
    "Openness": {
      "Cronbach's Alpha": 0.6950476670522155,
      "GLB": 0.35127205687036517,
      "Omega": 0.712104079864651
    }
  },
  "PANAS": {
    "Negative": {
      "Cronbach's Alpha": 0.7314746736506371,
      "GLB": 0.4186005333952738,
      "Omega": 0.7575560193733617
    },
    "Positive": {
      "Cronbach's Alpha": 0.7084267819544665,
      "GLB": 0.31802115155670146,
      "Omega": 0.719261424627557
    }
  },
  "BPAQ": {
    "Anger": {
      "Cronbach's Alpha": 0.5771132667383287,
      "GLB": 0.4819865850492094,
      "Omega": 0.6216851945294833
    },
    "Hostility": {
      "Cronbach's Alpha": 0.7329076746692174,
      "GLB": 0.6367481341747471,
      "Omega": 0.7265925869402348
    },
    "Physical": {
      "Cronbach's Alpha": 0.26364750088473465,
      "GLB": 0.3939124042789915,
      "Omega": 0.30784478441014657
    },
    "Verbal": {
      "Cronbach's Alpha": 0.25727397467854674,
      "GLB": 0.45823288413299756,
      "Omega": 0.3524092333902277
    }
  },
  "SSCS": {
    "Personal Identity": {
      "Cronbach's Alpha": 0.9157950392984961,
      "GLB": 0.7530977908936053,
      "Omega": 0.9171559510538475
    },
    "Self-efficacy": {
      "Cronbach's Alpha": 0.8258172929086695,
      "GLB": 0.8176243715808597,
      "Omega": 0.9036170064154286
    }
  }
}