{
  "BFI": {
    "Agreeableness": {
      "Cronbach's Alpha": 0.7168533370263172,
      "GLB": 0.4023243179702627,
      "Omega": 0.7277389339002404
    },
    "Conscientiousness": {
      "Cronbach's Alpha": 0.5967306537913031,
      "GLB": 0.376484102086308,
      "Omega": 0.42415448342285766
    },
    "Extraversion": {
      "Cronbach's Alpha": 0.633834513403909,
      "GLB": 0.3652252490839361,
      "Omega": 0.6531157579537432
    },
    "Neuroticism": {
      "Cronbach's Alpha": 0.46552039518609867,
      "GLB": 0.24317281024052106,
      "Omega": 0.4953562528038849
    },
    "Openness": {
      "Cronbach's Alpha": 0.6405140555884353,
      "GLB": 0.32574274162629757,
      "Omega": 0.6978050398945167
    }
  },
  "PANAS": {
    "Negative": {
      "Cronbach's Alpha": 0.7238640243082717,
      "GLB": 0.4668057487898316,
      "Omega": 0.7400015612501242
    },
    "Positive": {
      "Cronbach's Alpha": 0.7363069628798738,
      "GLB": 0.504006642132014,
      "Omega": 0.7007713128462267
    }
  },
  "BPAQ": {
    "Anger": {
      "Cronbach's Alpha": 0.5124361681893868,
      "GLB": 0.4593867385804557,
      "Omega": 0.42783620067923517
    },
    "Hostility": {
      "Cronbach's Alpha": 0.5483776752712202,
      "GLB": 0.4439011904891281,
      "Omega": 0.6576103198804407
    },
    "Physical": {
      "Cronbach's Alpha": 0.6176222858619859,
      "GLB": 0.480878023819536,
      "Omega": 0.6168728789746869
    },
    "Verbal": {
      "Cronbach's Alpha": 0.5498931952955993,
      "GLB": 0.7996491323205777,
      "Omega": 0.6025971095140882
    }
  },
  "SSCS": {
    "Personal Identity": {
      "Cronbach's Alpha": 0.8943919323637589,
      "GLB": 0.7060088976555752,
      "Omega": 0.8918718137255266
    },
    "Self-efficacy": {
      "Cronbach's Alpha": 0.7839787448941483,
      "GLB": 0.6786492976647592,
      "Omega": 0.7521690162677068
    }
  }
}