{
  "BFI": {
    "Agreeableness": {
      "Cronbach's Alpha": 0.23368632717081328,
      "GLB": 0.3529712985111285,
      "Omega": 0.17769971589137573
    },
    "Conscientiousness": {
      "Cronbach's Alpha": 0.3570243283975223,
      "GLB": 0.3648748429187861,
      "Omega": 0.4939147622659455
    },
    "Extraversion": {
      "Cronbach's Alpha": 0.35954581712114053,
      "GLB": 0.5261774496132692,
      "Omega": 0.38680947218255163
    },
    "Neuroticism": {
      "Cronbach's Alpha": 0.17805547177905037,
      "GLB": 0.42282233396482793,
      "Omega": 0.6276122970790771
    },
    "Openness": {
      "Cronbach's Alpha": 0.2280597785808769,
      "GLB": 0.30739631561488967,
      "Omega": 0.3194314524612819
    }
  },
  "PANAS": {
    "Negative": {
      "Cronbach's Alpha": 0.4551637343278412,
      "GLB": 0.4255562076276619,
      "Omega": 0.6091303840797926
    },
    "Positive": {
      "Cronbach's Alpha": 0.704481130591904,
      "GLB": 0.3349694228505362,
      "Omega": 0.671442231111187
    }
  },
  "BPAQ": {
    "Anger": {
      "Cronbach's Alpha": -3.0218479307383537,
      "GLB": 0.7809051501732537,
      "Omega": 0.10653965994072576
    },
    "Hostility": {
      "Cronbach's Alpha": 0.2957373630146792,
      "GLB": 0.6990351415839763,
      "Omega": 0.5321482774505719
    },
    "Physical": {
      "Cronbach's Alpha": -0.2167088501165981,
      "GLB": 0.5757064737104621,
      "Omega": 0.48829549891465024
    },
    "Verbal": {
      "Cronbach's Alpha": 0.21394482452697358,
      "GLB": 0.5748713254260338,
      "Omega": 0.5081159262229071
    }
  },
  "SSCS": {
    "Personal Identity": {
      "Cronbach's Alpha": 0.6952057330437144,
      "GLB": 0.4987046662180755,
      "Omega": 0.7223241943809927
    },
    "Self-efficacy": {
      "Cronbach's Alpha": 0.6744139090792173,
      "GLB": 0.5653624732679869,
      "Omega": 0.6588754636741961
    }
  }
}