{
  "BFI": {
    "Agreeableness": {
      "Cronbach's Alpha": 0.614731799575913,
      "GLB": 0.4202682267083758,
      "Omega": 0.658786364179079
    },
    "Conscientiousness": {
      "Cronbach's Alpha": 0.5462891131483807,
      "GLB": 0.3714384880515661,
      "Omega": 0.551921478291618
    },
    "Extraversion": {
      "Cronbach's Alpha": 0.5190883914615019,
      "GLB": 0.3210689934928859,
      "Omega": 0.5237527869239059
    },
    "Neuroticism": {
      "Cronbach's Alpha": 0.5510889864367655,
      "GLB": 0.39035005755803515,
      "Omega": 0.5961156888404779
    },
    "Openness": {
      "Cronbach's Alpha": 0.6314329438244022,
      "GLB": 0.3149455294784499,
      "Omega": 0.6527643719342202
    }
  },
  "PANAS": {
    "Negative": {
      "Cronbach's Alpha": 0.7378432063804453,
      "GLB": 0.5271590209657255,
      "Omega": 0.622022046284116
    },
    "Positive": {
      "Cronbach's Alpha": 0.4047489659375013,
      "GLB": 0.3070040783511213,
      "Omega": 0.13870352379180828
    }
  },
  "BPAQ": {
    "Anger": {
      "Cronbach's Alpha": 0.6254459591369618,
      "GLB": 0.4260639569566522,
      "Omega": 0.6588705987903831
    },
    "Hostility": {
      "Cronbach's Alpha": 0.4647401885551412,
      "GLB": 0.3955600725049437,
      "Omega": 0.550833490666468
    },
    "Physical": {
      "Cronbach's Alpha": 0.7186329189264331,
      "GLB": 0.5635075308062194,
      "Omega": 0.7967903288507305
    },
    "Verbal": {
      "Cronbach's Alpha": 0.5712885309636216,
      "GLB": 0.7293920420159447,
      "Omega": 0.7281142598898013
    }
  },
  "SSCS": {
    "Personal Identity": {
      "Cronbach's Alpha": 0.834361288970536,
      "GLB": 0.6177778552449379,
      "Omega": 0.8436981008571731
    },
    "Self-efficacy": {
      "Cronbach's Alpha": 0.8278706742409836,
      "GLB": 0.6584192021878085,
      "Omega": 0.8674870614123924
    }
  }
}