{
  "BFI": {
    "Agreeableness": {
      "Cronbach's Alpha": 0.4315527211340861,
      "GLB": 0.40820757309023953,
      "Omega": 0.20999919814438178
    },
    "Conscientiousness": {
      "Cronbach's Alpha": 0.6816346926605582,
      "GLB": 0.4477199597302887,
      "Omega": 0.6967446511166799
    },
    "Extraversion": {
      "Cronbach's Alpha": 0.2751344558284942,
      "GLB": 0.2768618419180375,
      "Omega": 0.12653850558051993
    },
    "Neuroticism": {
      "Cronbach's Alpha": 0.4152774141052976,
      "GLB": 0.3745930489946297,
      "Omega": 0.26893674859515315
    },
    "Openness": {
      "Cronbach's Alpha": 0.5802820266053851,
      "GLB": 0.3095453697319355,
      "Omega": 0.6294522185451434
    }
  },
  "PANAS": {
    "Negative": {
      "Cronbach's Alpha": 0.7431717176457207,
      "GLB": 0.43351291896604244,
      "Omega": 0.7179934234533882
    },
    "Positive": {
      "Cronbach's Alpha": 0.7986981435921687,
      "GLB": 0.48435078466909404,
      "Omega": 0.7967573823981792
    }
  },
  "BPAQ": {
    "Anger": {
      "Cronbach's Alpha": 0.4859558682058189,
      "GLB": 0.29168471341013363,
      "Omega": 0.5632870516785426
    },
    "Hostility": {
      "Cronbach's Alpha": 0.4668546257190493,
      "GLB": 0.48239122843341475,
      "Omega": 0.5207698272065602
    },
    "Physical": {
      "Cronbach's Alpha": 0.8470735559686716,
      "GLB": 0.614731951000631,
      "Omega": 0.870768493490286
    },
    "Verbal": {
      "Cronbach's Alpha": 0.7067674885170315,
      "GLB": 0.7516210858233223,
      "Omega": 0.7156133255361741
    }
  },
  "SSCS": {
    "Personal Identity": {
      "Cronbach's Alpha": 0.8386971174227448,
      "GLB": 0.638224617779022,
      "Omega": 0.8559725184336038
    },
    "Self-efficacy": {
      "Cronbach's Alpha": 0.7465648214804238,
      "GLB": 0.49554323769106257,
      "Omega": 0.6905727557255793
    }
  }
}