{
  "BFI": {
    "Agreeableness": {
      "Cronbach's Alpha": 0.31756332087480343,
      "GLB": 0.4131744344531879,
      "Omega": 0.288312959919349
    },
    "Conscientiousness": {
      "Cronbach's Alpha": 0.4019045298041874,
      "GLB": 0.4109648835509332,
      "Omega": 0.4856669432066869
    },
    "Extraversion": {
      "Cronbach's Alpha": 0.3260858265540683,
      "GLB": 0.44936672052902493,
      "Omega": 0.28677841365587603
    },
    "Neuroticism": {
      "Cronbach's Alpha": 0.27963375385490413,
      "GLB": 0.47076370001562057,
      "Omega": 0.23625513338288645
    },
    "Openness": {
      "Cronbach's Alpha": 0.5825189115702671,
      "GLB": 0.3170594280268516,
      "Omega": 0.5430682490293093
    }
  },
  "PANAS": {
    "Negative": {
      "Cronbach's Alpha": 0.6608541537507214,
      "GLB": 0.353146506132243,
      "Omega": 0.5781462134970996
    },
    "Positive": {
      "Cronbach's Alpha": 0.7353002209052257,
      "GLB": 0.5172853655468982,
      "Omega": 0.733152744043276
    }
  },
  "BPAQ": {
    "Anger": {
      "Cronbach's Alpha": -1.363619182726424,
      "GLB": 0.8323354928686691,
      "Omega": 0.03846875874283673
    },
    "Hostility": {
      "Cronbach's Alpha": 0.4661218548204096,
      "GLB": 0.8832304684514001,
      "Omega": NaN
    },
    "Physical": {
      "Cronbach's Alpha": 0.19855022464055055,
      "GLB": 0.5237319560897561,
      "Omega": 0.32135028934459825
    },
    "Verbal": {
      "Cronbach's Alpha": 0.005304272245219843,
      "GLB": 0.700853440564122,
      "Omega": 0.2818697717007439
    }
  },
  "SSCS": {
    "Personal Identity": {
      "Cronbach's Alpha": 0.6961753459799345,
      "GLB": 0.6461549496640451,
      "Omega": 0.704368701547354
    },
    "Self-efficacy": {
      "Cronbach's Alpha": 0.325312701852853,
      "GLB": 0.5708136039566817,
      "Omega": 0.5177208037511923
    }
  }
}