{
  "BFI": {
    "Agreeableness": {
      "Cronbach's Alpha": 0.3196309181276001,
      "GLB": 0.4173430206060991,
      "Omega": 0.3077209358090941
    },
    "Conscientiousness": {
      "Cronbach's Alpha": 0.40369974935316955,
      "GLB": 0.4143111332399484,
      "Omega": 0.4902742016618878
    },
    "Extraversion": {
      "Cronbach's Alpha": 0.32950909454495303,
      "GLB": 0.45292800453821197,
      "Omega": 0.29465944798254795
    },
    "Neuroticism": {
      "Cronbach's Alpha": 0.29610132023120794,
      "GLB": 0.4690621041229579,
      "Omega": 0.25486254348149967
    },
    "Openness": {
      "Cronbach's Alpha": 0.5905358743710817,
      "GLB": 0.3215784824192525,
      "Omega": 0.5433559767059
    }
  },
  "PANAS": {
    "Negative": {
      "Cronbach's Alpha": 0.6616044445014599,
      "GLB": 0.34402406874388924,
      "Omega": 0.5763754433932077
    },
    "Positive": {
      "Cronbach's Alpha": 0.737495336370582,
      "GLB": 0.5156679086684048,
      "Omega": 0.7332562160458286
    }
  },
  "BPAQ": {
    "Anger": {
      "Cronbach's Alpha": -1.0656268216969753,
      "GLB": 0.8083898244020047,
      "Omega": 0.0723886187999758
    },
    "Hostility": {
      "Cronbach's Alpha": 0.4504680025676733,
      "GLB": 0.8621907462933406,
      "Omega": NaN
    },
    "Physical": {
      "Cronbach's Alpha": 0.03587919194961414,
      "GLB": 0.4502389157449251,
      "Omega": 0.30134447431834593
    },
    "Verbal": {
      "Cronbach's Alpha": -0.016785446559886563,
      "GLB": 0.6338836666931437,
      "Omega": 0.3362462290469778
    }
  },
  "SSCS": {
    "Personal Identity": {
      "Cronbach's Alpha": 0.6973350958392108,
      "GLB": 0.6531313055370861,
      "Omega": 0.7047762612169197
    },
    "Self-efficacy": {
      "Cronbach's Alpha": 0.323925871473385,
      "GLB": 0.5686349568476,
      "Omega": 0.5055026447441541
    }
  }
}